Name_1;Second_name_1;Number_1;Description_1
Name_2;Second_name_2;Number_2;Description_2
Name_3;Second_name_3;Number_3;Description_3
Name_4;Second_name_4;Number_4;Description_4
Name_5;Second_name_5;Number_5;Description_5
Name_6;Second_name_6;Number_6;Description_6
Name_7;Second_name_7;Number_7;Description_7
Name_8;Second_name_8;Number_8;Description_8
Name_9;Second_name_9;Number_9;Description_9
Name_10;Second_name_10;Number_10;Description_10
Name_11;Second_name_11;Number_11;Description_11
Name_12;Second_name_12;Number_12;Description_12
Name_13;Second_name_13;Number_13;Description_13
Name_14;Second_name_14;Number_14;Description_14
Name_15;Second_name_15;Number_15;Description_15
Name_16;Second_name_16;Number_16;Description_16
Name_17;Second_name_17;Number_17;Description_17
Name_18;Second_name_18;Number_18;Description_18
Name_19;Second_name_19;Number_19;Description_19
Name_20;Second_name_20;Number_20;Description_20
Name_21;Second_name_21;Number_21;Description_21
Name_22;Second_name_22;Number_22;Description_22
Name_23;Second_name_23;Number_23;Description_23
Name_24;Second_name_24;Number_24;Description_24
Name_25;Second_name_25;Number_25;Description_25
Name_26;Second_name_26;Number_26;Description_26
Name_27;Second_name_27;Number_27;Description_27
Name_28;Second_name_28;Number_28;Description_28
Name_29;Second_name_29;Number_29;Description_29
Name_30;Second_name_30;Number_30;Description_30
Name_31;Second_name_31;Number_31;Description_31
Name_32;Second_name_32;Number_32;Description_32
Name_33;Second_name_33;Number_33;Description_33
Name_34;Second_name_34;Number_34;Description_34
Name_35;Second_name_35;Number_35;Description_35
Name_36;Second_name_36;Number_36;Description_36
Name_37;Second_name_37;Number_37;Description_37
Name_38;Second_name_38;Number_38;Description_38
Name_39;Second_name_39;Number_39;Description_39
Name_40;Second_name_40;Number_40;Description_40
Name_41;Second_name_41;Number_41;Description_41
Name_42;Second_name_42;Number_42;Description_42
Name_43;Second_name_43;Number_43;Description_43
Name_44;Second_name_44;Number_44;Description_44
Name_45;Second_name_45;Number_45;Description_45
Name_46;Second_name_46;Number_46;Description_46
Name_47;Second_name_47;Number_47;Description_47
Name_48;Second_name_48;Number_48;Description_48
Name_49;Second_name_49;Number_49;Description_49
Name_50;Second_name_50;Number_50;Description_50
Name_51;Second_name_51;Number_51;Description_51
Name_52;Second_name_52;Number_52;Description_52
Name_53;Second_name_53;Number_53;Description_53
Name_54;Second_name_54;Number_54;Description_54
Name_55;Second_name_55;Number_55;Description_55
Name_56;Second_name_56;Number_56;Description_56
Name_57;Second_name_57;Number_57;Description_57
Name_58;Second_name_58;Number_58;Description_58
Name_59;Second_name_59;Number_59;Description_59
Name_60;Second_name_60;Number_60;Description_60
Name_61;Second_name_61;Number_61;Description_61
Name_62;Second_name_62;Number_62;Description_62
Name_63;Second_name_63;Number_63;Description_63
Name_64;Second_name_64;Number_64;Description_64
Name_65;Second_name_65;Number_65;Description_65
Name_66;Second_name_66;Number_66;Description_66
Name_67;Second_name_67;Number_67;Description_67
Name_68;Second_name_68;Number_68;Description_68
Name_69;Second_name_69;Number_69;Description_69
Name_70;Second_name_70;Number_70;Description_70
Name_71;Second_name_71;Number_71;Description_71
Name_72;Second_name_72;Number_72;Description_72
Name_73;Second_name_73;Number_73;Description_73
Name_74;Second_name_74;Number_74;Description_74
Name_75;Second_name_75;Number_75;Description_75
Name_76;Second_name_76;Number_76;Description_76
Name_77;Second_name_77;Number_77;Description_77
Name_78;Second_name_78;Number_78;Description_78
Name_79;Second_name_79;Number_79;Description_79
Name_80;Second_name_80;Number_80;Description_80
Name_81;Second_name_81;Number_81;Description_81
Name_82;Second_name_82;Number_82;Description_82
Name_83;Second_name_83;Number_83;Description_83
Name_84;Second_name_84;Number_84;Description_84
Name_85;Second_name_85;Number_85;Description_85
Name_86;Second_name_86;Number_86;Description_86
Name_87;Second_name_87;Number_87;Description_87
Name_88;Second_name_88;Number_88;Description_88
Name_89;Second_name_89;Number_89;Description_89
Name_90;Second_name_90;Number_90;Description_90
Name_91;Second_name_91;Number_91;Description_91
Name_92;Second_name_92;Number_92;Description_92
Name_93;Second_name_93;Number_93;Description_93
Name_94;Second_name_94;Number_94;Description_94
Name_95;Second_name_95;Number_95;Description_95
Name_96;Second_name_96;Number_96;Description_96
Name_97;Second_name_97;Number_97;Description_97
Name_98;Second_name_98;Number_98;Description_98
Name_99;Second_name_99;Number_99;Description_99
Name_100;Second_name_100;Number_100;Description_100
